Inspiration > Creators I Love,Iteration is a design practice for founders,https://iteration.design/
Inspiration > Creators I Love,Noah Stokes - Coach for Product Designers,https://noahstokes.com/
Inspiration > Creators I Love,Noah Stokes | Es Bueno,https://esbueno.noahstokes.com/
Inspiration > Creators I Love,Matt Scribner | Dribbble,https://dribbble.com/scribner
Inspiration > Creators I Love,Yuan Qing Lim,https://yuanqing.sg/
Inspiration > Creators I Love,Jen Mussari,https://www.jenmussari.com/?itemId=cl2oh7cj1yqo5lhgcsquc9zcjc1vde
Inspiration > Creators I Love,Nick Jones - Interface Prototyper / Designer,https://www.narrowdesign.com/
Inspiration > Creators I Love,Jen Mussari,https://www.jenmussari.com/
Inspiration > Creators I Love,About - The Big Slide!,https://thebigslide.substack.com/about
Inspiration > Creators I Love,Overlayz Studio,https://overlayz.studio/
Inspiration > Creators I Love,Ryan Scherf,https://ryanscherf.net/
Resources > AI tools,Arc,https://arcformwriter.com/